{
  "ndvi_min": -0.34393635392189026,
  "ndvi_max": 0.6952199935913086,
  "ndvi_mean": 0.15832269191741943,
  "class_counts": {
    